{
    "metrics": {
        "iteration_duration": {
            "avg": 1929.977930647059,
            "min": 715.456946,
            "med": 968.8435959999999,
            "max": 4201.159121,
            "p(90)": 3199.138033,
            "p(95)": 3203.4531124
        },
        "http_req_tls_handshaking": {
            "avg": 0,
            "min": 0,
            "med": 0,
            "max": 0,
            "p(90)": 0,
            "p(95)": 0
        },
        "checks": {
            "passes": 47,
            "fails": 0,
            "value": 1
        },
        "data_received": {
            "count": 217080,
            "rate": 9409.051416484223
        },
        "operational_error_rate": {
            "passes": 0,
            "fails": 47,
            "thresholds": {
                "rate<0.01": false
            },
            "value": 0
        },
        "posting_cycle_ms": {
            "p(95)": 215.17879469999997,
            "avg": 164.0837405,
            "min": 108.823045,
            "med": 161.26368200000002,
            "max": 242.553563,
            "p(90)": 191.4210131,
            "thresholds": {
                "p(95)<400": false
            }
        },
        "http_reqs": {
            "count": 175,
            "rate": 7.585148322667859
        },
        "http_req_failed": {
            "passes": 108,
            "fails": 67,
            "value": 0.6171428571428571
        },
        "http_req_duration{expected_response:true}": {
            "max": 285.888735,
            "p(90)": 192.2167416,
            "p(95)": 237.62875189999994,
            "avg": 136.96981192537314,
            "min": 71.723839,
            "med": 124.497816
        },
        "http_req_receiving": {
            "avg": 26.25923396571429,
            "min": 0.085754,
            "med": 40.94905,
            "max": 48.634489,
            "p(90)": 45.879393799999995,
            "p(95)": 47.2583395
        },
        "http_req_blocked": {
            "min": 0.002604,
            "med": 0.004532,
            "max": 1.518976,
            "p(90)": 0.008296999999999999,
            "p(95)": 0.017167199999999955,
            "avg": 0.01819918285714285
        },
        "http_req_sending": {
            "min": 0.008264,
            "med": 0.041821,
            "max": 0.581925,
            "p(90)": 0.07246319999999999,
            "p(95)": 0.09135699999999997,
            "avg": 0.04815142285714284
        },
        "billing_write_ms": {
            "max": 187.60969,
            "p(90)": 137.38554120000003,
            "p(95)": 157.11416094999996,
            "avg": 109.77805055555555,
            "min": 71.723839,
            "med": 107.9922715,
            "thresholds": {
                "p(95)<400": false
            }
        },
        "http_req_duration": {
            "p(95)": 182.9901687999999,
            "avg": 76.13870108571432,
            "min": 8.674699,
            "med": 58.686434,
            "max": 285.888735,
            "p(90)": 157.2809754
        },
        "http_req_connecting": {
            "p(95)": 0,
            "avg": 0.005181422857142857,
            "min": 0,
            "med": 0,
            "max": 0.386095,
            "p(90)": 0
        },
        "http_req_waiting": {
            "p(95)": 156.9143201999998,
            "avg": 49.8313156971429,
            "min": 8.246124,
            "med": 20.183239,
            "max": 281.240141,
            "p(90)": 137.98043059999998
        },
        "iterations": {
            "count": 34,
            "rate": 1.4736859598326126
        },
        "data_sent": {
            "count": 83936,
            "rate": 3638.0971977797108
        },
        "vus_max": {
            "value": 3,
            "min": 3,
            "max": 3
        },
        "vus": {
            "value": 1,
            "min": 1,
            "max": 3
        },
        "inventory_write_ms": {
            "avg": 125.27938585714286,
            "min": 91.887461,
            "med": 118.02199300000001,
            "max": 181.010374,
            "p(90)": 171.14577070000004,
            "p(95)": 180.0599167,
            "thresholds": {
                "p(95)<400": false
            }
        }
    },
    "setup_data": {
        "authTransport": "cookie",
        "csrf": "",
        "itemId": 11,
        "token": "",
        "warehouseId": 11
    },
    "root_group": {
        "name": "",
        "path": "",
        "id": "d41d8cd98f00b204e9800998ecf8427e",
        "groups": {
            "setup": {
                "groups": {},
                "checks": {
                        "inventory_warehouse_create status valid": {
                            "name": "inventory_warehouse_create status valid",
                            "path": "::setup::inventory_warehouse_create status valid",
                            "id": "55c4b722d45f4a0f5faec25b54407d1a",
                            "passes": 1,
                            "fails": 0
                        },
                        "inventory_item_create status valid": {
                            "path": "::setup::inventory_item_create status valid",
                            "id": "f9676fb7af4777914c3316392e5118e1",
                            "passes": 1,
                            "fails": 0,
                            "name": "inventory_item_create status valid"
                        },
                        "inventory_seed_receive status valid": {
                            "path": "::setup::inventory_seed_receive status valid",
                            "id": "754570f9bc88f717fe0fcf3ab62db5cd",
                            "passes": 1,
                            "fails": 0,
                            "name": "inventory_seed_receive status valid"
                        }
                    },
                "name": "setup",
                "path": "::setup",
                "id": "5c0f8025f7e0b6654089e5b00e950f1a"
            }
        },
        "checks": {
            "billing_doc_create status valid": {
                "name": "billing_doc_create status valid",
                "path": "::billing_doc_create status valid",
                "id": "c92b6ea47ce50845361a0693dd12e433",
                "passes": 6,
                "fails": 0
            },
            "accounting_draft_approve status valid": {
                "name": "accounting_draft_approve status valid",
                "path": "::accounting_draft_approve status valid",
                "id": "4ed6893da9618849c96900e417b6f012",
                "passes": 6,
                "fails": 0
            },
            "inventory_receive status valid": {
                "id": "f07763983013ef81d43169b2baf437fd",
                "passes": 7,
                "fails": 0,
                "name": "inventory_receive status valid",
                "path": "::inventory_receive status valid"
            },
            "billing_doc_issue status valid": {
                "name": "billing_doc_issue status valid",
                "path": "::billing_doc_issue status valid",
                "id": "ba89bd149a9272da52716cd6481ff5b6",
                "passes": 6,
                "fails": 0
            },
            "inventory_issue status valid": {
                "passes": 7,
                "fails": 0,
                "name": "inventory_issue status valid",
                "path": "::inventory_issue status valid",
                "id": "4953c74f21c13fe4e6f933583d5eed4b"
            },
            "accounting_draft_post status valid": {
                "name": "accounting_draft_post status valid",
                "path": "::accounting_draft_post status valid",
                "id": "1e540656541530e7c14ee0edbdbbfeda",
                "passes": 6,
                "fails": 0
            },
            "billing_doc_void status valid": {
                "name": "billing_doc_void status valid",
                "path": "::billing_doc_void status valid",
                "id": "e634812c6786a785f839eefd23121ab0",