{
    "metrics": {
        "http_req_sending": {
            "p(95)": 0.08153425,
            "avg": 0.045137549707602344,
            "min": 0.009192,
            "med": 0.0410895,
            "max": 0.480402,
            "p(90)": 0.06532299999999999
        },
        "http_req_duration{expected_response:true}": {
            "avg": 212.155209425,
            "min": 66.811874,
            "med": 167.7741225,
            "max": 830.305264,
            "p(90)": 387.68176679999976,
            "p(95)": 506.7635254999997
        },
        "http_req_connecting": {
            "avg": 0.0015218050682261211,
            "min": 0,
            "med": 0,
            "max": 0.515883,
            "p(90)": 0,
            "p(95)": 0
        },
        "http_req_failed": {
            "passes": 866,
            "fails": 160,
            "value": 0.8440545808966862
        },
        "data_received": {
            "count": 1237407,
            "rate": 10005.042100494753
        },
        "data_sent": {
            "count": 375885,
            "rate": 3039.2144621328875
        },
        "vus_max": {
            "value": 5,
            "min": 5,
            "max": 5
        },
        "http_reqs": {
            "count": 1026,
            "rate": 8.295712885984656
        },
        "http_req_blocked": {
            "avg": 0.008528749512670556,
            "min": 0.002316,
            "med": 0.0051199999999999996,
            "max": 1.308789,
            "p(90)": 0.0081765,
            "p(95)": 0.010218
        },
        "iteration_duration": {
            "max": 5408.203696,
            "p(90)": 4231.4969426,
            "p(95)": 4320.7045706,
            "avg": 3409.863638677966,
            "min": 708.241699,
            "med": 4195.983211
        },
        "iterations": {
            "count": 177,
            "rate": 1.4311317551844875
        },
        "checks": {
            "passes": 113,
            "fails": 0,
            "value": 1
        },
        "inventory_write_ms": {
            "avg": 213.2077847857143,
            "min": 87.810855,
            "med": 191.55272,
            "max": 800.354661,
            "p(90)": 353.0681710999999,
            "p(95)": 495.2767732999995,
            "thresholds": {
                "p(95)<400": true
            }
        },
        "billing_write_ms": {
            "p(90)": 282.21589190000014,
            "p(95)": 473.1591583999995,
            "avg": 189.04529177777772,
            "min": 66.811874,
            "med": 155.701194,
            "max": 756.066954,
            "thresholds": {
                "p(95)<400": true
            }
        },
        "http_req_tls_handshaking": {
            "med": 0,
            "max": 0,
            "p(90)": 0,
            "p(95)": 0,
            "avg": 0,
            "min": 0
        },
        "operational_error_rate": {
            "passes": 0,
            "fails": 113,
            "thresholds": {
                "rate<0.01": false
            },
            "value": 0
        },
        "posting_cycle_ms": {
            "avg": 347.1289771428571,
            "min": 160.011939,
            "med": 277.502121,
            "max": 830.305264,
            "p(90)": 593.9468516000003,
            "p(95)": 722.0611741499999,
            "thresholds": {
                "p(95)<400": true
            }
        },
        "http_req_duration": {
            "avg": 64.63995114522415,
            "min": 7.010393,
            "med": 51.8116725,
            "max": 830.305264,
            "p(90)": 151.94374549999998,
            "p(95)": 214.6260405
        },
        "vus": {
            "value": 4,
            "min": 4,
            "max": 5
        },
        "http_req_waiting": {
            "avg": 39.22227358869401,
            "min": 6.238098,
            "med": 11.905313,
            "max": 785.46106,
            "p(90)": 109.360987,
            "p(95)": 176.51437825
        },
        "http_req_receiving": {
            "avg": 25.372540006822593,
            "min": 0.072655,
            "med": 40.8411175,
            "max": 453.920898,
            "p(90)": 44.2217955,
            "p(95)": 46.539275
        }
    },
    "setup_data": {
        "authTransport": "cookie",
        "csrf": "",
        "itemId": 8,
        "token": "",
        "warehouseId": 8
    },
    "root_group": {
        "name": "",
        "path": "",
        "id": "d41d8cd98f00b204e9800998ecf8427e",
        "groups": {
            "setup": {
                "name": "setup",
                "path": "::setup",
                "id": "5c0f8025f7e0b6654089e5b00e950f1a",
                "groups": {},
                "checks": {
                        "inventory_warehouse_create status valid": {
                            "name": "inventory_warehouse_create status valid",
                            "path": "::setup::inventory_warehouse_create status valid",
                            "id": "55c4b722d45f4a0f5faec25b54407d1a",
                            "passes": 1,
                            "fails": 0
                        },
                        "inventory_item_create status valid": {
                            "passes": 1,
                            "fails": 0,
                            "name": "inventory_item_create status valid",
                            "path": "::setup::inventory_item_create status valid",
                            "id": "f9676fb7af4777914c3316392e5118e1"
                        },
                        "inventory_seed_receive status valid": {
                            "name": "inventory_seed_receive status valid",
                            "path": "::setup::inventory_seed_receive status valid",
                            "id": "754570f9bc88f717fe0fcf3ab62db5cd",
                            "passes": 1,
                            "fails": 0
                        }
                    }
            }
        },
        "checks": {
            "billing_doc_create status valid": {
                "path": "::billing_doc_create status valid",
                "id": "c92b6ea47ce50845361a0693dd12e433",
                "passes": 18,
                "fails": 0,
                "name": "billing_doc_create status valid"
            },
            "inventory_receive status valid": {
                "passes": 21,
                "fails": 0,
                "name": "inventory_receive status valid",
                "path": "::inventory_receive status valid",
                "id": "f07763983013ef81d43169b2baf437fd"
            },
            "billing_doc_issue status valid": {
                "name": "billing_doc_issue status valid",
                "path": "::billing_doc_issue status valid",
                "id": "ba89bd149a9272da52716cd6481ff5b6",
                "passes": 18,
                "fails": 0
            },
            "accounting_draft_approve status valid": {
                "passes": 7,
                "fails": 0,
                "name": "accounting_draft_approve status valid",
                "path": "::accounting_draft_approve status valid",
                "id": "4ed6893da9618849c96900e417b6f012"
            },
            "billing_doc_void status valid": {
                "name": "billing_doc_void status valid",
                "path": "::billing_doc_void status valid",
                "id": "e634812c6786a785f839eefd23121ab0",
                "passes": 18,
                "fails": 0
            },
            "inventory_issue status valid": {
                "id": "4953c74f21c13fe4e6f933583d5eed4b",
                "passes": 21,
                "fails": 0,
                "name": "inventory_issue status valid",
                "path": "::inventory_issue status valid"
            },
            "accounting_draft_post status valid": {
                "path": "::accounting_draft_post status valid",
                "id": "1e540656541530e7c14ee0edbdbbfeda",
                "passes": 7,
                "fails": 0,